,x,y,z,out
0,-1.6379794578799416,0.2794882005699492,0.25179778263171143,0.07905211004547297
1,1.0781791655840194,-0.03040385377642799,0.39147204840994554,0.5150386018482271
2,-1.3663635955335456,1.3124617150578732,0.9152505450783234,1.1634761383853733
3,-1.6719314406732413,0.658245155882188,0.8454134121892063,0.7699798555294981
4,1.2139870967572173,-0.20256610619108198,0.9501691115228819,0.9658042967629383
5,-0.4836120429077583,-0.2369985566740128,0.9501691115228819,0.6739150353017725
6,-1.196603681567048,-1.4765667740595216,0.21687921618715292,-0.634044440106489
7,-0.3478041117345602,0.03846104718943361,0.7406577128555307,0.6258826251879097
8,-0.4157080773211592,-0.5813230615033208,-1.2497005744843048,-1.4413584100971812
9,-0.7212759224608548,-0.2369985566740128,-0.7957592107050442,-0.9351707035126281
10,0.4670434753046281,-0.5813230615033208,-1.040189175816954,-1.1088263400781322
11,-0.3817560945278597,0.03846104718943361,-0.1323064482584323,-0.1648047413018301
12,0.1614756301649325,0.17619084912115682,-1.4941305395962146,-1.241839168085752
13,-0.008284283801565073,-1.579864125508314,-0.09738788181387377,-0.7670572681141088
14,1.1800351139639178,0.3483531015358108,0.46130918129906257,0.757048052806535
15,1.451650976310314,-1.6831614769571064,-1.3544562738179804,-1.7036892653344315
16,-1.5021715267067437,-0.1337012052252204,1.4041104753021425,0.960262095595954
17,-1.400315578326845,0.830407408296842,0.5311463141881796,0.6055612209089679
18,-0.21199618056136216,0.10732594815529521,-0.8655963435941613,-0.7670572681141088
19,-0.6873239396675553,-0.06483630425935878,1.7183775733031692,1.4054855893436813
20,0.9423712344108213,-0.9600800168155595,1.6834590068586108,1.2558461578351094
21,-0.9928917848072509,0.658245155882188,0.11212351685347735,0.22130193999806608
22,-1.6379794578799416,1.002569660711496,1.089843377301116,1.1431547341064316
23,1.5535069246902125,-0.5468906110203899,-0.586247812037693,-0.5084212136548478
24,0.7386593376510242,-0.7190528634350439,0.1819606497425944,-0.02440231173823133
25,-0.04223626659486458,-0.5124581605374592,1.6136218739694936,1.2244403512221993
26,1.2818910623438164,-0.6846204129521132,-0.27198071403666635,-0.3292233759223603
27,1.587458907483512,-0.09926875474228959,-1.5290491060407732,-1.1587061505809895
28,0.29728356133813055,0.004028596706502812,0.07720495040891884,0.11969491860335658
29,-0.44966006011445875,0.2106232996040876,0.6708205799664136,0.6203404240209258
30,1.655362873070111,1.691218670370112,1.0200062444119988,1.9135206963172302
31,-0.6873239396675553,0.9681372102285652,-0.9005149100387198,-0.506573813265853
32,-1.196603681567048,0.2794882005699492,-0.34181784692578343,-0.382797987203207
33,0.195427612958232,-0.2369985566740128,1.089843377301116,0.9103822850930968
34,1.451650976310314,-1.7175939274400371,-0.8306777771496027,-1.2473813692527358
35,-0.9928917848072509,1.691218670370112,0.9850876779674403,1.4498231986795544
36,-0.24594816335466166,1.2091643636090808,1.508866174635818,1.8359298799794515
37,1.315843045137116,1.3813266160237347,0.7406577128555307,1.473839403736486
38,-0.3817560945278597,0.9337047597456344,-1.668723371819007,-1.1624009513589788
39,0.22937959575153152,-1.3732694226107292,1.089843377301116,0.4282107835654742
40,-0.7552279052541544,1.2091643636090808,-0.3767364133703419,0.05688330537753636
41,0.12752364737163296,0.7959749578139113,0.6359020135218552,0.9343984901500283
42,-0.4157080773211592,-1.579864125508314,-1.5988862389298901,-2.1840133664730588
43,-0.4836120429077583,-1.1666747197131444,-0.6211663784822515,-1.1383847463020476
44,-1.332411612740246,-0.891215115849698,-0.09738788181387377,-0.6876190513873359
45,-1.400315578326845,0.8992723092627036,-0.06246931536931524,0.10122091471340956
46,-1.400315578326845,1.2091643636090808,0.9152505450783234,1.1135963278825154
47,-1.0607957503938499,-1.7175939274400371,-0.8655963435941613,-1.688910062222474
48,-0.5515160084943572,-1.2699720711619369,1.1247619437456744,0.37648357267362276
49,-1.3663635955335456,1.0714345616773575,1.3342733424130255,1.4368913959565919
50,1.4856029591036135,0.6238127053992573,1.22951764307935,1.6160892336890795
51,1.5535069246902125,-0.9945124672984904,0.6359020135218552,0.39865237734155934
52,0.6368033892711257,-0.4780257100545284,0.07720495040891884,-0.03179191329421049
53,-0.6533719568742559,-1.2699720711619369,0.11212351685347735,-0.5509114226017263
54,1.587458907483512,1.5534888684383887,0.9501691115228819,1.7805078683096096
55,-0.14409221497476313,-0.5468906110203899,1.508866174635818,1.098817124770558
56,0.02566769899173444,-1.4421343235765909,0.7406577128555307,0.05134110421055199
57,-1.400315578326845,-1.6831614769571064,1.5787033075249353,0.46885359212335875
58,0.1614756301649325,-1.063377368264352,0.8803319786337648,0.36170436956166485
59,0.1614756301649325,-1.6487290264741756,-0.3767364133703419,-1.0201511214063854
60,1.1121311483773189,-0.6846204129521132,-0.23706214759210784,-0.32552857514437067
61,-1.6379794578799416,-0.1681336557081512,0.6359020135218552,0.2323863423320344
62,-1.2984596299469466,1.691218670370112,-0.27198071403666635,0.26933435011192886
63,1.587458907483512,0.3827855520187416,-1.1100263087060709,-0.5749276276586577
64,-1.264507647153647,0.8992723092627036,0.7755762793000892,0.877129078091192
65,1.315843045137116,1.0370021111944268,-1.1449448751506295,-0.3698661844802439
66,-0.4836120429077583,-0.1681336557081512,1.2644362095239086,0.9861257010418798
67,-0.04223626659486458,-0.6157555119862516,1.5437847410803767,1.1172911286605054
68,0.4330914925113286,-1.235539620679006,-1.7036419382635657,-1.991883726017608
69,-1.4682195439134442,-0.03040385377642799,-0.23706214759210784,-0.46593100470796944
70,1.655362873070111,-1.6831614769571064,-1.4242934067070976,-1.7332476715583471
71,-1.6040274750866421,-0.2369985566740128,0.4962277477436211,0.0827469108234621
72,1.0781791655840194,1.1402994626432192,-1.0052706093723953,-0.23870075686161907
73,-0.5175640257010578,1.5534888684383887,-0.4814921127040175,0.14925332482727235
74,0.9423712344108213,1.6223537694042505,-1.1100263087060709,-0.14817813780087788
75,-1.2305556643603475,0.7271100568480496,-0.9005149100387198,-0.6987034537213043
76,1.451650976310314,-1.1322422692302136,-0.41165497981490046,-0.6192652369945313
77,1.3837470107237149,1.4157590665066655,-0.586247812037693,0.30628235789182334
78,1.655362873070111,1.4846239674725272,-0.6211663784822515,0.3487725668387018
79,0.9423712344108213,0.5893802549163264,0.6359020135218552,0.9787360994859015
80,-1.264507647153647,-0.09926875474228959,1.5437847410803767,1.139459933328442
81,-1.0947477331871496,0.8992723092627036,-1.5988862389298901,-1.2307547657517837
82,0.8744672688242222,-1.3044045216448676,-0.5513292455931346,-0.9130018988446917
83,-0.5854679912876568,-0.1681336557081512,-1.5988862389298901,-1.6057770447177115
84,-0.5175640257010578,-1.0289449177814212,-0.7608406442604857,-1.2104333614728413
85,-1.3663635955335456,0.03846104718943361,0.9152505450783234,0.6166456232429367
86,-0.7891798880474539,0.2106232996040876,0.1819606497425944,0.12523711977034097
87,1.315843045137116,1.4501915169895965,-0.41165497981490046,0.46700619173436436
88,1.5535069246902125,-1.40770187309366,1.1945990766347916,0.72379484580463
89,-1.264507647153647,-0.3058634576398744,-1.1798634415951879,-1.3988682011503029
90,0.5349474408912271,0.31392065105288003,0.4962277477436211,0.6683728341347885
91,0.6368033892711257,-0.5813230615033208,1.6485404404140522,1.337131774950877
92,-1.4682195439134442,1.5879213189213195,-1.1798634415951879,-0.6192652369945313
93,-1.4342675611201445,0.6926776063651188,-1.5290491060407732,-1.3120403828675513
94,-1.3663635955335456,1.3813266160237347,0.426390614854504,0.753353252028545
95,1.0102751999974202,1.1402994626432192,1.439029041746701,1.9486213037081292
96,-0.4157080773211592,0.141758398638226,-1.7385605047081243,-1.5706764373268118
97,0.5688994236845266,-1.5109992245424524,-1.3544562738179804,-1.7738904801162312
98,-1.2984596299469466,1.3124617150578732,0.6708205799664136,0.9547198944289697
99,0.9763232172041207,0.9681372102285652,-1.4941305395962146,-0.7689046685031038
100,-0.7552279052541544,-0.4780257100545284,0.21687921618715292,-0.13339893468892
101,1.451650976310314,0.03846104718943361,1.0200062444119988,1.1708657399413531
102,-0.7212759224608548,1.691218670370112,-1.5988862389298901,-0.8298688813399291
103,-0.7552279052541544,-0.09926875474228959,-0.7259220778159271,-0.8187844790059607
104,1.3497950279304154,-0.09926875474228959,0.5660648806327381,0.686846838024736
105,0.6028514064778262,0.7959749578139113,0.25179778263171143,0.6665254337457938
106,0.1614756301649325,-1.5109992245424524,-1.389374840262539,-1.8718027007329514
107,-0.008284283801565073,0.3827855520187416,0.426390614854504,0.5464444084611368
108,-0.0761882493881641,0.9681372102285652,-1.0751077422615123,-0.5638432253246893
109,-0.9589398020139515,-1.2011071701960752,-0.3767364133703419,-1.010914119461412
110,-0.6533719568742559,-1.6831614769571064,-1.1100263087060709,-1.827465091397078
111,0.09357166457833346,0.07289349767236442,-0.586247812037693,-0.48071020781992735
112,-1.0947477331871496,-0.8223502148838364,0.11212351685347735,-0.43083039731706935
113,0.33123554413143,0.3483531015358108,1.22951764307935,1.309420769115956
114,-0.9928917848072509,-1.7175939274400371,0.8454134121892063,-0.13894113585590392
115,-0.8910358364273524,-0.8223502148838364,0.8454134121892063,0.26194474855594974
116,1.04422718279072,-0.6157555119862516,1.2644362095239086,1.043395113100716
117,1.1800351139639178,-0.6846204129521132,0.9850876779674403,0.784759058641456
118,0.9763232172041207,1.6223537694042505,-0.3068992804812249,0.5796976154630413
119,-0.6194199740809563,-0.1681336557081512,1.2644362095239086,0.9639568963739431
120,-1.264507647153647,-0.374728358605736,-0.586247812037693,-0.8945278949547445
121,-1.400315578326845,0.9337047597456344,0.007367817519801796,0.17881173105118767
122,-1.6040274750866421,0.9681372102285652,-0.6211663784822515,-0.40496679187114404
123,0.8744672688242222,0.658245155882188,1.4739476081912597,1.7509494620856947
124,0.7047073548577247,0.7959749578139113,1.1247619437456744,1.4682972025695025
125,-1.196603681567048,-1.4421343235765909,0.11212351685347735,-0.7134826568332618
126,0.22937959575153152,-0.7879177644009056,1.4739476081912597,1.0249211092107695
127,-1.2984596299469466,-0.5124581605374592,-1.7036419382635657,-1.964172720182687
128,-0.14409221497476313,-1.0978098187472827,-1.0751077422615123,-1.4616798143761236
129,-0.5175640257010578,-1.2011071701960752,-0.4814921127040175,-1.0330829241293484
130,0.36518752692472956,0.31392065105288003,-0.7259220778159271,-0.4585414031519903
131,-1.5700754922933426,-1.5454316750253831,1.2993547759684672,0.24901294583298705
132,0.7726113204443237,-1.1666747197131444,-0.7608406442604857,-1.0589465295752745
133,1.5535069246902125,-1.063377368264352,0.25179778263171143,0.023630098375631455
134,-0.5515160084943572,-1.6142965759912449,0.5311463141881796,-0.30520717086542887
135,1.04422718279072,-0.5813230615033208,-0.41165497981490046,-0.4493044012070168
136,-1.332411612740246,-0.44359325957159756,-1.4242934067070976,-1.6889100622224744
137,0.9763232172041207,-0.5813230615033208,-1.459211973151656,-1.4025630019282924
138,0.7047073548577247,1.0714345616773575,-1.2147820080397465,-0.5176582155998214
139,1.2818910623438164,-1.1322422692302136,-1.5290491060407732,-1.6519620544425795
140,-1.5021715267067437,-0.2369985566740128,0.1819606497425944,-0.18327874519177756
141,-0.04223626659486458,-0.6846204129521132,1.3342733424130255,0.8992978827591286
142,1.587458907483512,-0.3402959081228052,1.7183775733031692,1.658579442635958
143,0.8744672688242222,-0.44359325957159756,0.9501691115228819,0.806927863309393
144,-1.264507647153647,0.03846104718943361,-0.06246931536931524,-0.2460903584175978
145,0.9423712344108213,1.346894165540804,-1.4941305395962146,-0.6118756354385522
146,-1.6379794578799416,1.002569660711496,-1.040189175816954,-0.772599469281093
147,1.587458907483512,0.7959749578139113,-1.0052706093723953,-0.3033597704764341
148,-1.3663635955335456,-0.5124581605374592,-1.1100263087060709,-1.4413584100971815
149,1.451650976310314,0.3483531015358108,-0.7259220778159271,-0.2664117626965396
150,-0.9589398020139515,-0.9600800168155595,-0.44657354625945894,-0.970271310903528
151,1.6214108902768116,1.1402994626432192,0.7755762793000892,1.4516705990685492
152,-1.2305556643603475,-0.4091608090886668,-0.7957592107050442,-1.0921997365771796
153,-1.7058834234665408,-0.20256610619108198,1.6136218739694936,1.0858853220475952
154,-1.4682195439134442,-0.8223502148838364,1.0549248108565574,0.35616216839468096
155,1.6214108902768116,-1.6142965759912449,-0.44657354625945894,-0.8298688813399293
156,-1.3663635955335456,-0.5468906110203899,0.39147204840994554,-0.10568792885399858
157,0.5688994236845266,-0.374728358605736,-0.09738788181387377,-0.15556773935685658
158,1.0781791655840194,0.17619084912115682,0.6359020135218552,0.8235544668103453
159,0.7386593376510242,0.5205153539504648,1.2993547759684672,1.5126348119053747
160,0.1614756301649325,-1.4421343235765909,0.8104948457446478,0.13632152210430926
161,-1.6719314406732413,-0.6501879624691824,0.21687921618715292,-0.3569343817572808
162,-0.9589398020139515,0.31392065105288003,0.9152505450783234,0.8013856621424083
163,-1.0947477331871496,1.4157590665066655,0.7755762793000892,1.1265281306054786
164,-0.44966006011445875,0.4516504529846032,-0.09738788181387377,0.03286710032060497
165,-1.128699715980449,1.2091643636090808,1.159680510190233,1.3777745835087611
166,-1.332411612740246,-0.891215115849698,-1.5639676724853315,-2.0066629291295657
167,-1.5700754922933426,0.7271100568480496,-1.4242934067070976,-1.2252125645847993
168,0.12752364737163296,0.2106232996040876,0.5660648806327381,0.6203404240209258
169,1.247939079550517,1.4157590665066655,-1.1100263087060709,-0.1869735459697667
170,0.7047073548577247,-0.8567826653667672,0.6359020135218552,0.31921416061478686
171,0.8744672688242222,1.6223537694042505,0.007367817519801796,0.8457232714782814
172,-0.3817560945278597,0.3827855520187416,-0.09738788181387377,0.014393096430657506
173,-0.14409221497476313,-1.2011071701960752,1.4041104753021425,0.72379484580463
174,-1.5361235095000432,-1.2011071701960752,0.8454134121892063,-0.005928307848284306
175,1.1800351139639178,-1.3044045216448676,-0.7259220778159271,-1.0201511214063854
176,-1.196603681567048,-0.3058634576398744,0.9850876779674403,0.5593762111841
177,-1.7058834234665408,0.5205153539504648,-1.1798634415951879,-1.116215941634111
178,1.3837470107237149,0.3827855520187416,1.2644362095239086,1.527414015017333
179,-0.6533719568742559,-1.6142965759912449,0.5311463141881796,-0.32183377436638155
180,-1.5361235095000432,-0.5124581605374592,-0.6211663784822515,-1.0293881233513589
181,1.04422718279072,0.03846104718943361,-1.5988862389298901,-1.2510761700307254
182,0.6368033892711257,0.7615425073309804,1.4041104753021425,1.693680050026858
183,0.8744672688242222,1.1058670121602885,-0.1323064482584323,0.49841199834727407
184,0.263331578544831,0.2794882005699492,-0.9703520429278367,-0.7097878560552723
185,1.315843045137116,0.2450557500870184,-0.1323064482584323,0.20098053571912383
186,-0.9249878192206519,-0.374728358605736,-0.7957592107050442,-1.027540722962364
187,0.09357166457833346,-0.5468906110203899,0.7406577128555307,0.4466847874554221
188,-1.6040274750866421,1.5879213189213195,-1.040189175816954,-0.5158108152108271
189,-0.3478041117345602,0.7615425073309804,1.4041104753021425,1.5329562161843173
190,-1.2984596299469466,-1.6487290264741756,-1.040189175816954,-1.8551760972319988
191,-1.5361235095000432,0.2106232996040876,1.1247619437456744,0.8512654726452662
192,-0.7552279052541544,-1.063377368264352,-1.459211973151656,-1.892124105011893
193,-1.5021715267067437,-0.9945124672984904,-1.7036419382635657,-2.204334770752001
194,-0.11014023218146361,-0.9600800168155595,1.1945990766347916,0.6443566290778572
195,-1.196603681567048,-0.9600800168155595,-1.2846191409288634,-1.762806077782263
196,0.263331578544831,1.002569660711496,0.7057391464109722,1.108054126715531
197,-1.4342675611201445,0.6238127053992573,0.21687921618715292,0.22869154155404525
198,1.0102751999974202,-1.0289449177814212,1.508866174635818,1.080343120880611
199,-1.196603681567048,1.1058670121602885,-0.8655963435941613,-0.49918421170987437
200,0.7047073548577247,-0.1337012052252204,1.4739476081912597,1.3833167846757455
201,-0.9928917848072509,-0.374728358605736,-1.4941305395962146,-1.6667412575545373
202,-1.7058834234665408,0.07289349767236442,-0.516410679148576,-0.7116352564442673
203,0.3991395097180291,-0.9945124672984904,0.9152505450783234,0.46146399056738
204,-0.27990014614796116,1.1402994626432192,0.46130918129906257,0.858655074201245
205,-0.8570838536340529,1.6223537694042505,-0.586247812037693,0.029172299542615826
206,0.1614756301649325,-1.579864125508314,-0.516410679148576,-1.1162159416341106
207,0.22937959575153152,-1.6831614769571064,-1.040189175816954,-1.6205562478296693
208,0.6028514064778262,1.2780292645749425,-0.7957592107050442,-0.06873992107410454
209,0.9084192516175218,-0.9945124672984904,-0.7259220778159271,-0.9314759027346388
210,1.1121311483773189,0.7959749578139113,1.6834590068586108,2.037296522379876
211,-0.8570838536340529,-1.4421343235765909,1.0549248108565574,0.18989613338515599
212,0.6028514064778262,-1.3732694226107292,0.4962277477436211,-0.04472371601717358
213,-0.6533719568742559,0.4172180025016724,0.32163491552082846,0.36170436956166485
214,-1.4342675611201445,-0.374728358605736,0.04228638396436032,-0.3569343817572808
215,1.6214108902768116,0.5893802549163264,-0.8655963435941613,-0.2608695615295561
216,1.04422718279072,-1.6487290264741756,-1.0751077422615123,-1.5041700233230022
217,-0.11014023218146361,-0.8223502148838364,-1.1100263087060709,-1.3693097949263875
218,-0.008284283801565073,-0.891215115849698,0.14704208329803586,-0.25163255958458214
219,-1.400315578326845,-0.1681336557081512,-0.9354334764832782,-1.142079547080037
220,0.7726113204443237,0.486082903467534,-1.2846191409288634,-0.820631879394956
221,0.263331578544831,0.4516504529846032,0.46130918129906257,0.651746230633836
222,1.3837470107237149,1.2780292645749425,-0.06246931536931524,0.7182526446376457
223,0.6707553720644251,-1.3388369721277984,-0.44657354625945894,-0.8668168891198238
224,1.6214108902768116,-1.7175939274400371,1.3342733424130255,0.7274896465826197
225,-1.5021715267067437,-0.44359325957159756,-1.7036419382635657,-1.9678675209606766
226,-0.14409221497476313,0.5205153539504648,1.089843377301116,1.1801027418863257
227,-1.5361235095000432,1.346894165540804,-1.4941305395962146,-1.016456320628396
228,0.3991395097180291,-1.3044045216448676,-0.7259220778159271,-1.147621748247021
229,-1.128699715980449,-0.5124581605374592,0.1819606497425944,-0.24054815725061385
230,-0.7891798880474539,-1.1322422692302136,0.7057391464109722,0.019935297597642312
231,1.587458907483512,1.4157590665066655,1.3342733424130255,2.0668549286037914
232,0.8405152860309227,0.9681372102285652,0.6009834470772967,1.0932749236035737
233,0.29728356133813055,-0.20256610619108198,-0.4814921127040175,-0.47147320587495384
234,1.6214108902768116,0.9337047597456344,0.7057391464109722,1.3001837671709822
235,1.4856029591036135,-1.3044045216448676,0.6009834470772967,0.22314934038706088
236,-1.3663635955335456,-0.374728358605736,0.04228638396436032,-0.3458499794233125
237,1.1460831311706183,1.2091643636090808,0.9152505450783234,1.5292614154063269
238,1.655362873070111,-1.3732694226107292,-0.9703520429278367,-1.1919593575828944
239,-0.5854679912876568,-0.6501879624691824,-1.389374840262539,-1.624251048607659
240,1.451650976310314,0.17619084912115682,0.7755762793000892,1.0101419060988115
241,1.2818910623438164,1.0370021111944268,-1.7385605047081243,-0.9093070980667022
242,0.9763232172041207,-0.03040385377642799,-0.7957592107050442,-0.5693854264916738
243,-0.24594816335466166,0.17619084912115682,1.159680510190233,1.0784957204916161
244,-1.2984596299469466,1.0370021111944268,-0.1323064482584323,0.11415271743637266
245,-0.11014023218146361,0.9681372102285652,0.32163491552082846,0.6868468380247352
246,0.6707553720644251,0.2794882005699492,-0.3068992804812249,-0.046571116406167935
247,-0.17804419776806263,1.2091643636090808,-1.4941305395962146,-0.8538850863968607
248,0.6028514064778262,1.0370021111944268,-0.23706214759210784,0.33029856294875476
249,0.263331578544831,0.3827855520187416,-0.1323064482584323,0.08828911199044648
250,-0.21199618056136216,-1.2011071701960752,0.4962277477436211,-0.10384052846500423
251,0.5009954580979277,0.7615425073309804,0.1819606497425944,0.572308013907063
252,0.7726113204443237,1.17473191312615,-1.2497005744843048,-0.4936420105428904
253,0.33123554413143,0.07289349767236442,-1.319537707373422,-1.101436738522153
254,-0.6194199740809563,-0.9945124672984904,0.426390614854504,-0.1444833370228883
255,1.1800351139639178,-1.5109992245424524,0.8104948457446478,0.27302915088991847
256,-1.4682195439134442,-0.5468906110203899,-0.027550748924756722,-0.49918421170987437
257,0.02566769899173444,0.7959749578139113,-1.7385605047081243,-1.2178229630288204
258,0.3991395097180291,0.2106232996040876,0.7057391464109722,0.7903012598084403
259,0.7726113204443237,0.658245155882188,1.1945990766347916,1.4830764056814598
260,0.263331578544831,0.9337047597456344,1.6485404404140522,1.9264524990401928
261,0.22937959575153152,0.3827855520187416,-1.7385605047081243,-1.3619201933704086
262,0.9763232172041207,1.17473191312615,-1.3544562738179804,-0.5546062233797163
263,1.247939079550517,0.830407408296842,-1.2497005744843048,-0.5638432253246893
264,1.04422718279072,1.4846239674725272,-0.20214358114754932,0.6258826251879097
265,-1.0268437676005504,-1.6142965759912449,-0.516410679148576,-1.324972185590514
266,1.451650976310314,1.1402994626432192,-1.4941305395962146,-0.6174178366055363
267,1.1800351139639178,1.4501915169895965,0.8454134121892063,1.575446425131196
268,1.3497950279304154,0.658245155882188,-1.1449448751506295,-0.5268952175447953
269,-0.8570838536340529,1.5879213189213195,-0.20214358114754932,0.35985696917267007
270,-0.7212759224608548,0.9337047597456344,-1.5290491060407732,-1.0921997365771798
271,1.655362873070111,-1.3388369721277984,1.3691919088575841,0.9270088885940491
272,-0.3817560945278597,-1.2699720711619369,0.6708205799664136,-0.004080907459289954
273,1.0102751999974202,-1.0978098187472827,-1.1100263087060709,-1.3046507813115724
274,1.3837470107237149,0.5549478044333956,-0.5513292455931346,-0.03179191329421049
275,1.315843045137116,-0.03040385377642799,-0.23706214759210784,-0.011470509015269114
276,-0.6873239396675553,0.5549478044333956,-1.1449448751506295,-0.9037648968997181
277,1.5535069246902125,0.486082903467534,0.8454134121892063,1.2225929508332045
278,-0.8910358364273524,0.8648398587797728,-1.4242934067070976,-1.0552517287972851
279,-0.6873239396675553,-1.2699720711619369,0.4962277477436211,-0.2109897510266981
280,-1.1626516987737485,-0.4091608090886668,-1.3544562738179804,-1.583608240049775
281,-1.0947477331871496,0.5893802549163264,0.21687921618715292,0.26933435011192886
282,-0.6194199740809563,-1.5109992245424524,1.1945990766347916,0.32475636178177036
283,0.8405152860309227,1.3124617150578732,-0.1672250147029908,0.5501392092391264
284,0.6707553720644251,0.8648398587797728,1.1247619437456744,1.4923134076264337
285,-0.4157080773211592,-0.9256475663326288,-0.516410679148576,-0.929628502345644
286,0.263331578544831,1.5879213189213195,-0.20214358114754932,0.5427496076831477
287,-0.11014023218146361,-1.40770187309366,0.25179778263171143,-0.3957297899261705
288,-0.008284283801565073,-1.3388369721277984,1.5437847410803767,0.8124700644763765
289,-0.8231318708407533,1.1402994626432192,-1.1449448751506295,-0.6746872486643728
290,0.8405152860309227,-0.8567826653667672,-0.9703520429278367,-1.1032841389111478
291,0.4670434753046281,0.07289349767236442,0.9850876779674403,0.9935153025978594
292,0.7726113204443237,1.2091643636090808,-1.5290491060407732,-0.7301092603342143
293,-1.4342675611201445,-0.6846204129521132,0.4962277477436211,-0.08167172379706719
294,0.8065633032376233,-0.2369985566740128,0.39147204840994554,0.3820257738406071
295,-1.4342675611201445,0.486082903467534,-1.668723371819007,-1.5263388279909385
296,1.587458907483512,0.8992723092627036,1.3342733424130255,1.8451668819244256
297,-1.0268437676005504,-0.27143100715694357,-0.3767364133703419,-0.6229600377725207
298,0.5349474408912271,1.2780292645749425,0.7406577128555307,1.3020311675599774
299,-0.11014023218146361,1.6223537694042505,0.32163491552082846,0.9676516971519331
300,1.3497950279304154,1.2780292645749425,1.0549248108565574,1.7176962550837893
301,-1.4342675611201445,-1.7175939274400371,1.0549248108565574,-0.02255491134923654
302,0.6028514064778262,0.07289349767236442,1.4041104753021425,1.3925537866207187
303,-0.008284283801565073,0.6238127053992573,-1.0052706093723953,-0.6377392408844783
304,0.3991395097180291,-1.4765667740595216,-1.2846191409288634,-1.7240106696133737
305,1.315843045137116,0.7615425073309804,0.9850876779674403,1.427654394011618
306,1.4856029591036135,1.2091643636090808,0.426390614854504,1.145002134495426
307,-0.4836120429077583,-0.6501879624691824,0.14704208329803586,-0.22576895413865597
308,1.4176989935170146,1.2091643636090808,-0.1323064482584323,0.6314248263548942
309,0.059619681785033955,-1.5454316750253831,-0.3068992804812249,-0.929628502345644
310,1.1121311483773189,0.8648398587797728,0.46130918129906257,0.9676516971519331
311,1.0781791655840194,0.31392065105288003,-1.5988862389298901,-1.1273003439680789
312,0.09357166457833346,-0.4091608090886668,-1.5290491060407732,-1.5355758299359121
313,-1.4342675611201445,0.2106232996040876,0.8454134121892063,0.6166456232429367
314,-0.3817560945278597,0.7615425073309804,-0.9703520429278367,-0.608180834660563
315,-0.6533719568742559,-0.27143100715694357,-1.5639676724853315,-1.629793249774643
316,1.5535069246902125,1.2091643636090808,-1.4242934067070976,-0.5084212136548478
317,1.4856029591036135,-1.40770187309366,0.356553481965387,-0.041028915239184435
318,0.3991395097180291,-1.4765667740595216,0.9152505450783234,0.25455514699997145
319,1.1800351139639178,-0.5468906110203899,0.14704208329803586,0.09013651237944126
320,-1.1626516987737485,0.03846104718943361,-0.06246931536931524,-0.22946375491664556
321,-0.7212759224608548,-0.7879177644009056,1.508866174635818,0.9011452831481234
322,0.5009954580979277,0.004028596706502812,-0.41165497981490046,-0.28673316697548185
323,0.9084192516175218,0.7615425073309804,-1.0751077422615123,-0.4917946101538961
324,1.655362873070111,0.6926776063651188,1.1945990766347916,1.6419528391350056
325,-1.6719314406732413,0.8648398587797728,-0.7608406442604857,-0.586012029992626
326,-0.9928917848072509,1.3813266160237347,0.7057391464109722,1.0655639177686531
327,-0.6194199740809563,-0.374728358605736,1.7183775733031692,1.28355716367003
328,-0.21199618056136216,0.10732594815529521,-1.5988862389298901,-1.426579206985224
329,0.5349474408912271,-0.4780257100545284,0.8803319786337648,0.6739150353017725
330,0.36518752692472956,-1.40770187309366,-0.27198071403666635,-0.7892260727820454
331,-1.3663635955335456,1.691218670370112,0.7406577128555307,1.169018339552358
332,-1.0268437676005504,0.4516504529846032,-1.4941305395962146,-1.3175825840345354
333,-1.4682195439134442,-0.7879177644009056,-1.1449448751506295,-1.6076244451067065
334,0.8405152860309227,1.3813266160237347,-0.20214358114754932,0.5482918088501316
335,0.9423712344108213,-0.06483630425935878,-1.1798634415951879,-0.9351707035126281
336,-1.2984596299469466,1.6567862198871812,-1.0751077422615123,-0.46777840509696467
337,-0.4157080773211592,-0.3402959081228052,0.007367817519801796,-0.20729495024870853
338,-1.0607957503938499,-0.891215115849698,1.159680510190233,0.4873275960133058
339,-1.264507647153647,1.3124617150578732,-0.41165497981490046,-0.013317909404263029
340,0.29728356133813055,-1.7175939274400371,-0.8306777771496027,-1.4358162089301973
341,-1.1626516987737485,0.8992723092627036,1.0549248108565574,1.145002134495426
342,-1.1626516987737485,0.7615425073309804,1.089843377301116,1.1172911286605054
343,-0.6873239396675553,-1.6487290264741756,-1.0751077422615123,-1.7868222828391938
344,0.7386593376510242,-1.1666747197131444,-1.2497005744843048,-1.504170023323002
345,0.12752364737163296,0.141758398638226,-1.459211973151656,-1.2307547657517839
346,-0.6873239396675553,0.17619084912115682,-0.6910035113713686,-0.6580606451634203
347,1.1460831311706183,1.1402994626432192,1.22951764307935,1.7823552686986044
348,0.9763232172041207,-1.6831614769571064,-0.3767364133703419,-0.9019174965107235
349,-1.332411612740246,-0.03040385377642799,-0.7259220778159271,-0.883443492620776
350,-1.1626516987737485,-0.8567826653667672,0.9501691115228819,0.29704535594684983
351,-0.3138521289412607,-0.3058634576398744,0.7057391464109722,0.45222698862240607
352,1.4176989935170146,0.5205153539504648,1.0549248108565574,1.4036381889546865
353,-0.17804419776806263,0.7615425073309804,1.5437847410803767,1.6862904484708796
354,-0.8231318708407533,0.7615425073309804,-1.0751077422615123,-0.7744468696700878
355,1.1800351139639178,0.17619084912115682,1.5437847410803767,1.6567320422469631
356,-0.6873239396675553,0.3827855520187416,0.426390614854504,0.4356003851214538
357,-0.17804419776806263,-0.9600800168155595,-1.389374840262539,-1.6907574626114688
358,0.6028514064778262,-0.891215115849698,1.1945990766347916,0.7903012598084403
359,1.587458907483512,1.519056417955458,-1.2497005744843048,-0.2128371514156929
360,0.7386593376510242,-0.20256610619108198,0.32163491552082846,0.32290896139277603
361,0.9423712344108213,1.1058670121602885,-0.4814921127040175,0.19543833455214035
362,-1.0268437676005504,1.1058670121602885,-0.027550748924756722,0.2822661528348924
363,-1.6040274750866421,1.1402994626432192,-0.9703520429278367,-0.6451288424404573
364,0.7726113204443237,0.8648398587797728,-1.5290491060407732,-0.877901291453792
365,0.9763232172041207,-0.3402959081228052,-0.4814921127040175,-0.41974599498310144
366,-0.6194199740809563,0.2794882005699492,-1.2497005744843048,-1.1051315393001424
367,-0.9928917848072509,1.2780292645749425,-1.7385605047081243,-1.1771801544709364
368,0.02566769899173444,0.10732594815529521,-1.0751077422615123,-0.9166966996226811
369,-1.4682195439134442,0.6926776063651188,-1.1798634415951879,-1.0035245179054328
370,-1.6719314406732413,-0.5124581605374592,-1.319537707373422,-1.6796730602775005
371,-0.7891798880474539,-1.7175939274400371,0.6009834470772967,-0.32552857514437067
372,-0.7552279052541544,-1.0978098187472827,-0.1672250147029908,-0.7448884634461722
373,-0.7891798880474539,-1.063377368264352,1.3691919088575841,0.646204029466852
374,0.195427612958232,-0.20256610619108198,0.8104948457446478,0.6739150353017725
375,1.4856029591036135,-0.8567826653667672,0.39147204840994554,0.22684414116505044
376,-1.4342675611201445,-1.4765667740595216,0.426390614854504,-0.48440500859791646
377,1.5535069246902125,-1.6487290264741756,-1.389374840262539,-1.7036892653344315
378,0.6707553720644251,-1.4421343235765909,1.0200062444119988,0.40788937928653285
379,1.0102751999974202,-0.374728358605736,-0.027550748924756722,-0.020707510960242186
380,0.02566769899173444,0.3483531015358108,1.508866174635818,1.5107874115163809
381,0.9763232172041207,-1.1322422692302136,-1.7036419382635657,-1.8588708980099882
382,0.5349474408912271,0.2106232996040876,0.8803319786337648,0.969499097540928
383,0.7047073548577247,-1.579864125508314,0.4962277477436211,-0.11677233118796732
384,-0.6194199740809563,0.7271100568480496,0.6708205799664136,0.8143174648653708
385,-0.8570838536340529,0.486082903467534,0.007367817519801796,0.07535730926748338
386,1.315843045137116,1.691218670370112,-0.41165497981490046,0.5704606135180682
387,-1.7058834234665408,-1.6831614769571064,1.4041104753021425,0.2619447485559501
388,-0.7891798880474539,0.4172180025016724,0.32163491552082846,0.33953556489372827
389,0.263331578544831,-0.06483630425935878,-1.7385605047081243,-1.5485076326588754
390,1.4856029591036135,-0.4780257100545284,1.6834590068586108,1.5514302200742645
391,-0.4836120429077583,-1.6831614769571064,1.1247619437456744,0.2102175376640978
392,0.33123554413143,0.17619084912115682,0.11212351685347735,0.23053894194304003
393,-0.6873239396675553,0.141758398638226,-1.2846191409288634,-1.2067385606948522
394,-0.24594816335466166,0.31392065105288003,-0.20214358114754932,-0.08721392496405156
395,-0.24594816335466166,-0.27143100715694357,-0.27198071403666635,-0.40127199109315403
396,0.9763232172041207,0.9337047597456344,1.6136218739694936,2.0114329169339507
397,-0.6194199740809563,-0.8567826653667672,0.426390614854504,-0.08536652457505721
398,-0.21199618056136216,1.1058670121602885,-0.7957592107050442,-0.27564876464151356
399,-0.8910358364273524,-1.3388369721277984,-1.5639676724853315,-2.1267439544142226
400,1.0102751999974202,0.2450557500870184,-1.7036419382635657,-1.2621605723646936
401,-0.4157080773211592,-0.1681336557081512,-0.34181784692578343,-0.4474570008180224
402,0.12752364737163296,0.7959749578139113,0.14704208329803586,0.4947171975692849
403,-1.4682195439134442,0.6238127053992573,-1.0052706093723953,-0.8760538910647973
404,-0.04223626659486458,-0.6846204129521132,-0.586247812037693,-0.8280214809509345
405,1.4176989935170146,-1.4421343235765909,0.007367817519801796,-0.3809505868142122
406,0.1614756301649325,-1.0978098187472827,-1.389374840262539,-1.6944522633894583
407,-1.4682195439134442,1.2435968140920115,1.3691919088575841,1.5255666146283382
408,1.655362873070111,1.691218670370112,-0.1672250147029908,0.845723271478281
409,-1.4682195439134442,-0.03040385377642799,0.007367817519801796,-0.2460903584175978
410,0.195427612958232,0.03846104718943361,-1.0052706093723953,-0.8557324867858555
411,0.5009954580979277,-1.7175939274400371,-0.586247812037693,-1.1827223556379205
412,-1.3663635955335456,-1.40770187309366,-1.319537707373422,-2.014052530685545
413,-1.0268437676005504,-0.7534853139179748,-0.09738788181387377,-0.5786224284366472
414,-0.9249878192206519,1.2435968140920115,1.6136218739694936,1.8340824795904567
415,0.9423712344108213,0.8648398587797728,-0.9005149100387198,-0.2848857665864866
416,1.0781791655840194,0.5549478044333956,0.21687921618715292,0.6092560216869579
417,0.5349474408912271,-1.579864125508314,-0.6211663784822515,-1.1494691486360158
418,1.247939079550517,-0.27143100715694357,1.089843377301116,1.067411318157648
419,0.4670434753046281,-0.3402959081228052,-1.2497005744843048,-1.1938067579718892
420,0.6028514064778262,-0.5124581605374592,-0.9703520429278367,-0.9942875159604594
421,-1.0268437676005504,-1.7175939274400371,-1.0052706093723953,-1.808991087507131
422,1.4176989935170146,-0.09926875474228959,1.4041104753021425,1.4516705990685501
423,-0.4157080773211592,-1.235539620679006,0.9501691115228819,0.2564025473889658
424,1.4176989935170146,-0.4091608090886668,-0.1672250147029908,-0.09460352652003072
425,-0.6533719568742559,-0.03040385377642799,-0.9703520429278367,-0.9924401155714646
426,-1.1626516987737485,-0.4091608090886668,0.007367817519801796,-0.3587817821462756
427,-1.0268437676005504,-1.1666747197131444,0.46130918129906257,-0.25347995997357653
428,-1.2305556643603475,-0.9256475663326288,1.508866174635818,0.7588954531955298
429,0.5349474408912271,1.2435968140920115,0.9501691115228819,1.4756868041254816
430,0.4330914925113286,-0.891215115849698,0.6708205799664136,0.29150315477986594
431,1.587458907483512,-1.0289449177814212,0.7406577128555307,0.4836327952353166
432,1.451650976310314,-0.891215115849698,-1.2846191409288634,-1.3009559805335826
433,0.12752364737163296,-0.6846204129521132,1.4739476081912597,1.05263211504569
434,0.4670434753046281,-0.6846204129521132,1.089843377301116,0.7625902539735193
435,0.9423712344108213,0.141758398638226,1.159680510190233,1.2576935582241033
436,1.6214108902768116,1.0714345616773575,0.46130918129906257,1.139459933328442
437,-1.6040274750866421,0.2450557500870184,1.6136218739694936,1.2946415660039983
438,-1.5361235095000432,1.1058670121602885,0.28671634907626997,0.4817853948463218
439,-0.04223626659486458,-0.9600800168155595,0.7057391464109722,0.21575973883108215
440,-0.27990014614796116,-1.1322422692302136,0.04228638396436032,-0.4936420105428904
441,-0.3478041117345602,0.7959749578139113,-1.7385605047081243,-1.2787871758656462
442,0.059619681785033955,1.0370021111944268,-1.2846191409288634,-0.7005508541102988
443,-0.8570838536340529,-0.891215115849698,0.28671634907626997,-0.2645643623075448
444,-1.7058834234665408,0.486082903467534,-0.5513292455931346,-0.5656906257136842
445,0.5009954580979277,1.6567862198871812,-1.1449448751506295,-0.23685335647262473
446,-1.2305556643603475,-1.579864125508314,-1.1449448751506295,-1.9087507085128457
447,-0.3817560945278597,-1.579864125508314,-1.1798634415951879,-1.8016014859511518
448,1.587458907483512,-1.063377368264352,0.14704208329803586,-0.06504512029611495
449,1.0781791655840194,-0.8223502148838364,-0.5513292455931346,-0.672839848275378
450,-1.332411612740246,1.3813266160237347,1.3691919088575841,1.6068522317441063
451,1.3497950279304154,-0.27143100715694357,-0.06246931536931524,0.04764630343256241
452,0.5009954580979277,0.5893802549163264,-0.8655963435941613,-0.44376220004003286
453,1.587458907483512,0.8992723092627036,1.4739476081912597,1.970790108376065
454,0.4330914925113286,-0.8567826653667672,0.9501691115228819,0.5575288107951056
455,0.7726113204443237,1.2780292645749425,-0.6910035113713686,0.05318850459954678
456,0.33123554413143,-0.44359325957159756,1.1945990766347916,0.9380932909280174
457,1.315843045137116,-0.7879177644009056,-0.8306777771496027,-0.8705116898978131
458,-1.332411612740246,1.1402994626432192,0.04228638396436032,0.30997715866981296
459,1.315843045137116,1.2435968140920115,-0.9703520429278367,-0.12416193274394648
460,1.3837470107237149,0.07289349767236442,0.6708205799664136,0.8605024745902393
461,-1.0268437676005504,-0.4780257100545284,-1.0751077422615123,-1.339751388702472
462,0.8405152860309227,0.2794882005699492,1.5787033075249353,1.6770534465259057
463,-1.196603681567048,-0.891215115849698,-1.0751077422615123,-1.5448128318808858
464,0.22937959575153152,-0.27143100715694357,1.089843377301116,0.9011452831481234
465,1.4176989935170146,-1.2699720711619369,0.8104948457446478,0.415278980842512
466,-0.8231318708407533,0.004028596706502812,1.7183775733031692,1.4128751908996604
467,1.3497950279304154,-1.2699720711619369,-1.1449448751506295,-1.3545305918144297
468,1.519554941896913,-1.2011071701960752,0.46130918129906257,0.14740592443827755
469,-0.04223626659486458,-0.3402959081228052,-1.389374840262539,-1.4025630019282924
470,-1.4682195439134442,1.519056417955458,0.7406577128555307,1.0784957204916161
471,0.3991395097180291,-0.8223502148838364,1.1945990766347916,0.7866064590304503
472,1.3837470107237149,1.002569660711496,0.07720495040891884,0.7256422461936249
473,1.247939079550517,-1.063377368264352,-1.2846191409288634,-1.4081052030952763
474,-0.5175640257010578,-0.7534853139179748,1.7183775733031692,1.1376125329394473
475,0.7726113204443237,-0.1681336557081512,1.159680510190233,1.0969697243815637
476,-0.008284283801565073,0.5893802549163264,0.9501691115228819,1.1062067263265372
477,0.7726113204443237,0.004028596706502812,-1.2147820080397465,-0.9647291097365439
478,0.059619681785033955,0.10732594815529521,1.3342733424130255,1.2558461578351099
479,-0.7212759224608548,0.830407408296842,-0.27198071403666635,-0.005928307848283869
480,0.9763232172041207,0.6238127053992573,-0.586247812037693,-0.10014572768701509
481,-0.44966006011445875,1.0714345616773575,0.8104948457446478,1.1154437282715106
482,0.8065633032376233,1.4501915169895965,1.0549248108565574,1.702917051971831
483,0.36518752692472956,1.3813266160237347,-1.459211973151656,-0.659908045552415
484,0.6028514064778262,0.2106232996040876,1.508866174635818,1.5458880189072801
485,0.1614756301649325,0.8648398587797728,-1.5639676724853315,-1.0090667190724172
486,-0.9928917848072509,-0.2369985566740128,1.2644362095239086,0.873434277313202
487,-1.128699715980449,1.5534888684383887,0.25179778263171143,0.7090156426926723
488,1.1460831311706183,0.7959749578139113,1.6485404404140522,2.0114329169339507
489,0.02566769899173444,1.2435968140920115,0.8803319786337648,1.329742173394898
490,-1.400315578326845,0.7271100568480496,1.3342733424130255,1.28355716367003
491,-0.8231318708407533,-1.3388369721277984,0.14704208329803586,-0.5767750280476525
492,0.7386593376510242,-0.2369985566740128,-0.06246931536931524,-0.03733411446119398
493,0.5349474408912271,0.2106232996040876,-1.0751077422615123,-0.7892260727820453
494,-0.17804419776806263,-0.374728358605736,-0.34181784692578343,-0.49733681132088003
495,-1.196603681567048,1.2435968140920115,0.21687921618715292,0.5335126057381737
496,1.5535069246902125,-1.063377368264352,1.2993547759684672,0.9658042967629388
497,-0.21199618056136216,-1.3732694226107292,1.0200062444119988,0.29335055516886027
498,-0.6533719568742559,-1.40770187309366,-0.027550748924756722,-0.7356514615011985
499,0.5688994236845266,-1.063377368264352,-0.1672250147029908,-0.5139634148218323
500,-1.3663635955335456,-0.27143100715694357,-0.7259220778159271,-0.9924401155714644
501,-1.6719314406732413,1.5534888684383887,0.6359020135218552,0.9658042967629388
502,0.33123554413143,-0.7534853139179748,0.356553481965387,0.05134110421055199
503,-0.24594816335466166,1.4846239674725272,-0.06246931536931524,0.540902207294153
504,1.451650976310314,0.7959749578139113,1.439029041746701,1.8728778877593455
505,-1.400315578326845,-1.579864125508314,-0.3068992804812249,-1.1827223556379207
506,0.5688994236845266,-1.3044045216448676,-1.4941305395962146,-1.8108384878961254
507,1.0781791655840194,1.0714345616773575,1.1945990766347916,1.710306653527811
508,-0.7891798880474539,-1.5454316750253831,0.6708205799664136,-0.18882094635876148
509,-0.7552279052541544,1.3813266160237347,0.7406577128555307,1.1357651325504525
510,-0.8231318708407533,1.002569660711496,-0.6211663784822515,-0.26271696191855004
511,-1.6719314406732413,0.5205153539504648,-0.9005149100387198,-0.8594272875638448
512,-1.0607957503938499,0.10732594815529521,-0.6560849449268101,-0.7171774576112515
513,-0.8231318708407533,-1.063377368264352,-0.06246931536931524,-0.6469762428294519
514,-1.6379794578799416,1.1402994626432192,-0.20214358114754932,0.040256701876583686
515,-0.8231318708407533,-1.3732694226107292,1.439029041746701,0.5704606135180682
516,-1.7058834234665408,1.4846239674725272,-1.6338048053744487,-1.110673740467127
517,-0.4836120429077583,1.6567862198871812,-1.6338048053744487,-0.8372584828959082
518,-0.9928917848072509,0.830407408296842,1.0200062444119988,1.111748927493521
519,1.2139870967572173,1.002569660711496,1.0200062444119988,1.5458880189072801
520,-0.21199618056136216,0.486082903467534,-1.668723371819007,-1.3268195859795089
521,-0.0761882493881641,-1.2011071701960752,1.0200062444119988,0.38941537539658627
522,0.4330914925113286,0.2794882005699492,0.5311463141881796,0.6683728341347885
523,0.12752364737163296,-0.3402959081228052,-0.7957592107050442,-0.8409532836738975
524,-1.2984596299469466,-0.06483630425935878,-0.23706214759210784,-0.4529992019850068
525,0.9423712344108213,-0.7534853139179748,0.6359020135218552,0.4023471781195489
526,-0.9589398020139515,1.691218670370112,1.0549248108565574,1.518177013072359
527,0.7386593376510242,-0.2369985566740128,1.6485404404140522,1.501550409571407
528,-0.8231318708407533,-0.3058634576398744,1.5437847410803767,1.1228333298274893
529,0.8065633032376233,1.4157590665066655,1.7183775733031692,2.2848481745051687
530,-0.0761882493881641,-1.6142965759912449,0.46130918129906257,-0.2904279677534706
531,0.5009954580979277,0.004028596706502812,-1.040189175816954,-0.8520376860078659
532,0.6028514064778262,0.2450557500870184,-0.27198071403666635,-0.041028915239184
533,0.4670434753046281,1.2091643636090808,0.426390614854504,0.9787360994859015
534,-1.5021715267067437,0.7615425073309804,0.7057391464109722,0.7164052442486514
535,1.519554941896913,0.9681372102285652,1.2993547759684672,1.832235079201462
536,0.8405152860309227,0.141758398638226,0.07720495040891884,0.2674869497229341
537,-1.6040274750866421,0.17619084912115682,0.14704208329803586,-0.05396071796214665
538,1.2139870967572173,-1.7175939274400371,1.2644362095239086,0.5981716193529892
539,1.519554941896913,1.691218670370112,0.11212351685347735,1.074800919713627
540,-1.2305556643603475,-0.7190528634350439,-0.44657354625945894,-0.9111544984556967
541,-0.17804419776806263,-0.9600800168155595,1.2993547759684672,0.7274896465826197
542,-0.14409221497476313,1.346894165540804,1.6834590068586108,2.0687023289927864
543,-0.4157080773211592,1.0370021111944268,0.7057391464109722,1.0119893064878058
544,-0.7212759224608548,0.5893802549163264,1.6136218739694936,1.5865308274651637
545,1.4856029591036135,-0.03040385377642799,0.5660648806327381,0.738574048916588
546,-1.400315578326845,1.1402994626432192,-1.668723371819007,-1.2399917676967571
547,-0.4157080773211592,-1.3732694226107292,-0.586247812037693,-1.1845697560269155
548,-0.3817560945278597,0.9337047597456344,-1.5988862389298901,-1.0995893381331583
549,-0.0761882493881641,-0.03040385377642799,0.5660648806327381,0.4836327952353166
550,0.5349474408912271,-1.4765667740595216,0.9850876779674403,0.33953556489372827
551,0.9084192516175218,-0.4091608090886668,0.21687921618715292,0.16772732871721938
552,-1.332411612740246,0.6926776063651188,1.6834590068586108,1.5939204290211428
553,1.4176989935170146,-1.7175939274400371,-0.6910035113713686,-1.1273003439680793
554,1.3497950279304154,-1.0978098187472827,1.3342733424130255,0.9491776932619858
555,0.36518752692472956,0.2106232996040876,0.8454134121892063,0.9103822850930968
556,1.315843045137116,0.7271100568480496,-1.5290491060407732,-0.848342885229877
557,0.6707553720644251,-0.8567826653667672,-1.5988862389298901,-1.6962996637784529
558,-1.6719314406732413,1.4501915169895965,1.2993547759684672,1.51817701307236
559,1.4176989935170146,0.2106232996040876,1.0200062444119988,1.239219554334157
560,-0.0761882493881641,-1.6142965759912449,0.14704208329803586,-0.5730802272696633
561,-0.3138521289412607,0.03846104718943361,-1.3544562738179804,-1.2529235704197201
562,1.6214108902768116,-1.0289449177814212,1.089843377301116,0.803233062531403
563,-1.6379794578799416,-0.1337012052252204,1.0200062444119988,0.5926294181860045
564,-0.04223626659486458,-0.03040385377642799,0.04228638396436032,0.018087897208646647
565,-0.4836120429077583,0.4516504529846032,-1.0052706093723953,-0.7892260727820454
566,0.9084192516175218,0.7959749578139113,-0.5513292455931346,-0.005928307848284744
567,0.12752364737163296,-1.0978098187472827,0.7755762793000892,0.24716554544399272
568,-0.5854679912876568,-0.5468906110203899,-0.9005149100387198,-1.140232146691042
569,0.5688994236845266,-1.4765667740595216,0.4962277477436211,-0.09460352652003072
570,-1.196603681567048,0.830407408296842,-0.27198071403666635,-0.08351912418606242
571,-0.4157080773211592,-1.579864125508314,0.46130918129906257,-0.33107077631135506
572,-1.4342675611201445,-0.5124581605374592,1.2993547759684672,0.714557843859657
573,-0.14409221497476313,-1.4421343235765909,0.32163491552082846,-0.3532395809792912
574,-0.8231318708407533,1.346894165540804,1.0549248108565574,1.3925537866207187
575,0.6028514064778262,0.6926776063651188,-1.7385605047081243,-1.167943152525963
576,-0.9928917848072509,1.0714345616773575,-0.3767364133703419,-0.041028915239184
577,-0.3817560945278597,-0.5468906110203899,1.2644362095239086,0.8401810703112975
578,1.04422718279072,-0.374728358605736,1.22951764307935,1.1154437282715106
579,0.7726113204443237,1.2780292645749425,1.0200062444119988,1.592073028632149
580,-0.8910358364273524,-0.374728358605736,-1.459211973151656,-1.6187088474406746
581,-0.27990014614796116,-0.4780257100545284,0.14704208329803586,-0.11861973157696211
582,1.4176989935170146,-0.1337012052252204,1.22951764307935,1.279862362892041
583,-1.0268437676005504,-0.4091608090886668,-0.3068992804812249,-0.6192652369945308
584,-1.6040274750866421,0.07289349767236442,-1.2497005744843048,-1.3545305918144295
585,-0.4836120429077583,0.486082903467534,0.6708205799664136,0.7330318477496036
586,0.02566769899173444,-1.235539620679006,-1.319537707373422,-1.7129262672794052
587,0.8065633032376233,0.07289349767236442,0.6359020135218552,0.7348792481385984
588,0.4670434753046281,0.4172180025016724,-1.4242934067070976,-1.0256933225733695
589,1.3497950279304154,1.6567862198871812,0.21687921618715292,1.1265281306054789
590,-1.0607957503938499,-0.2369985566740128,1.3691919088575841,0.9565672948179649
591,-0.21199618056136216,1.17473191312615,1.1945990766347916,1.5440406185182853
592,1.3837470107237149,-1.3388369721277984,0.32163491552082846,-0.05950291912913102
593,0.9084192516175218,0.07289349767236442,-1.5988862389298901,-1.258465771586704
594,0.9763232172041207,-1.6831614769571064,1.439029041746701,0.7311844473606084
595,0.8744672688242222,-1.40770187309366,0.39147204840994554,-0.1093827296319886
596,0.7726113204443237,1.346894165540804,-0.1672250147029908,0.553834010017116
597,-0.21199618056136216,1.5534888684383887,1.439029041746701,1.926452499040192
598,-1.332411612740246,0.9337047597456344,0.14704208329803586,0.3155193598367973
599,0.9423712344108213,1.1402994626432192,-0.6560849449268101,0.05318850459954678
600,-0.6194199740809563,1.346894165540804,-0.7259220778159271,-0.1758891436357984
601,-1.6379794578799416,-1.063377368264352,0.14704208329803586,-0.5915542311596104
602,0.6707553720644251,-0.9600800168155595,-1.5988862389298901,-1.7406372731143263
603,1.4856029591036135,-1.3044045216448676,0.6009834470772967,0.22314934038706088
604,1.4856029591036135,-1.4421343235765909,-1.2846191409288634,-1.5318810291579228
605,1.0102751999974202,-0.2369985566740128,0.04228638396436032,0.10122091471340956
606,1.2818910623438164,-0.5813230615033208,0.8454134121892063,0.7201000450266409
607,-0.9928917848072509,-0.09926875474228959,-1.668723371819007,-1.7055366657234265
608,-1.196603681567048,1.0370021111944268,0.5660648806327381,0.7588954531955298
609,-1.196603681567048,-1.6831614769571064,-0.586247812037693,-1.4450532108751708
610,0.9423712344108213,1.6223537694042505,1.4739476081912597,2.1758515515544787
611,0.263331578544831,-0.8223502148838364,-0.7957592107050442,-1.0256933225733693
612,-0.44966006011445875,-1.3732694226107292,-1.2846191409288634,-1.8182280894521043
613,0.6707553720644251,-0.9945124672984904,0.8803319786337648,0.4743957932903431
614,0.4670434753046281,1.346894165540804,-1.319537707373422,-0.5324374187117793
615,-0.8910358364273524,-1.7175939274400371,1.22951764307935,0.22314934038706088
616,1.1460831311706183,0.5549478044333956,-1.668723371819007,-1.0755731330762273
617,1.1460831311706183,-0.27143100715694357,-0.6211663784822515,-0.4880998093759061
618,0.8405152860309227,-0.3402959081228052,1.6136218739694936,1.4424335971235762
619,1.2818910623438164,-0.374728358605736,-1.7036419382635657,-1.48384861904406
620,0.3991395097180291,-0.27143100715694357,-1.7036419382635657,-1.5836082400497753
621,1.247939079550517,0.2450557500870184,-0.516410679148576,-0.15556773935685658
622,-0.44966006011445875,0.7615425073309804,1.5787033075249353,1.6733586457479162
623,-0.5854679912876568,-0.5813230615033208,-1.2846191409288634,-1.5004752225450129
624,1.2139870967572173,-1.4765667740595216,-0.06246931536931524,-0.49179461015389564
625,0.4670434753046281,0.4172180025016724,0.6359020135218552,0.8272492675883344
626,-0.9589398020139515,0.8992723092627036,-1.1100263087060709,-0.7689046685031036
627,-0.7891798880474539,1.0714345616773575,-0.027550748924756722,0.3062823578918229
628,0.6368033892711257,-0.27143100715694357,0.4962277477436211,0.43375298473245905
629,0.9084192516175218,0.03846104718943361,0.6009834470772967,0.705320841914683
630,-0.7891798880474539,1.1402994626432192,0.426390614854504,0.744116250083572
631,-1.6379794578799416,0.4172180025016724,-0.9354334764832782,-0.9296285023456442
632,-1.0947477331871496,0.4516504529846032,-1.5290491060407732,-1.3600727929814138
633,-0.6873239396675553,-1.6487290264741756,-1.5290491060407732,-2.195097768807027
634,-0.14409221497476313,0.8648398587797728,-0.3767364133703419,0.008850895263673574
635,-1.196603681567048,0.03846104718943361,1.0549248108565574,0.7699798555294981
636,-0.04223626659486458,0.830407408296842,-0.516410679148576,-0.11492493079897254
637,1.451650976310314,0.9337047597456344,0.6708205799664136,1.241066954723152
638,1.2818910623438164,0.7271100568480496,-1.0751077422615123,-0.44560960042902764
639,-0.3817560945278597,1.3124617150578732,0.7406577128555307,1.1671709391633631
640,-0.4836120429077583,0.5893802549163264,-0.8306777771496027,-0.5730802272696633
641,1.587458907483512,-1.6142965759912449,0.11212351685347735,-0.33291817670034984
642,0.22937959575153152,0.3827855520187416,0.9152505450783234,1.0249211092107695
643,1.4176989935170146,0.6926776063651188,-1.1449448751506295,-0.5010316120988696
644,-1.128699715980449,1.3124617150578732,0.39147204840994554,0.7311844473606088
645,-0.3817560945278597,-0.6501879624691824,-0.7608406442604857,-1.0256933225733695
646,0.5688994236845266,-1.5109992245424524,1.5437847410803767,0.8327914687553183
647,1.6214108902768116,0.004028596706502812,1.6136218739694936,1.7176962550837893
648,0.7047073548577247,0.4172180025016724,-0.586247812037693,-0.2331585556946347
649,1.1121311483773189,-1.3044045216448676,0.25179778263171143,-0.15187293857886702
650,0.4330914925113286,-0.5124581605374592,0.6359020135218552,0.4226685823984903
651,1.2818910623438164,-1.3732694226107292,1.159680510190233,0.6628306329678042
652,1.3497950279304154,1.6567862198871812,1.1945990766347916,2.005890715766965
653,-0.5175640257010578,0.3483531015358108,0.6009834470772967,0.6055612209089675
654,0.1614756301649325,-1.6142965759912449,0.32163491552082846,-0.37725578603622306
655,0.09357166457833346,1.3813266160237347,-1.5639676724853315,-0.7984630747270189
656,-1.1626516987737485,1.002569660711496,0.6009834470772967,0.7810642578634664
657,0.7726113204443237,1.1058670121602885,-0.8655963435941613,-0.17773654402479364
658,-0.5854679912876568,-0.3402959081228052,1.1247619437456744,0.7699798555294985
659,-1.0947477331871496,0.3483531015358108,1.3342733424130255,1.1708657399413522
660,1.587458907483512,-1.063377368264352,1.22951764307935,0.908534884704102
661,-0.8910358364273524,1.4157590665066655,-1.389374840262539,-0.7873786723930506
662,-1.0607957503938499,-0.20256610619108198,-1.5290491060407732,-1.6353354509416271
663,-0.7552279052541544,1.6223537694042505,-0.9005149100387198,-0.23685335647262384
664,-1.5021715267067437,1.2435968140920115,-0.44657354625945894,-0.1130775304099773
665,-1.5021715267067437,1.2435968140920115,0.11212351685347735,0.38941537539658583
666,-0.04223626659486458,-1.235539620679006,1.6485404404140522,0.9454828924839965
667,1.2139870967572173,0.4172180025016724,-0.9354334764832782,-0.46408360431897466
668,1.2139870967572173,1.4157590665066655,-0.6910035113713686,0.18435393221817203
669,1.3837470107237149,-1.4421343235765909,-0.1323064482584323,-0.5121160144328375
670,0.22937959575153152,1.2091643636090808,-1.040189175816954,-0.3791031864252174
671,0.4670434753046281,-0.8223502148838364,-1.2846191409288634,-1.4321214081522078
672,1.655362873070111,-0.3058634576398744,1.1247619437456744,1.1505443356624103
673,0.4330914925113286,1.4157590665066655,1.0549248108565574,1.6271736360230473
674,0.8065633032376233,-0.9600800168155595,-1.4242934067070976,-1.5614394353818382
675,0.6028514064778262,1.0370021111944268,-1.4242934067070976,-0.7374988618901931
676,-0.11014023218146361,0.486082903467534,-0.586247812037693,-0.336612977478339
677,-0.3817560945278597,-0.6846204129521132,0.39147204840994554,-0.004080907459289517
678,0.7726113204443237,0.17619084912115682,-0.586247812037693,-0.32552857514437067
679,1.315843045137116,0.4516504529846032,-1.0751077422615123,-0.5583010241577059
680,-0.3138521289412607,-0.9256475663326288,-1.4242934067070976,-1.7295528707803578
681,-0.4836120429077583,1.6567862198871812,-0.9703520429278367,-0.240548157250613
682,1.519554941896913,1.2435968140920115,0.39147204840994554,1.1339177321614577
683,0.36518752692472956,-1.7175939274400371,0.8104948457446478,0.05134110421055243
684,-0.5515160084943572,-1.40770187309366,-1.1100263087060709,-1.6926048630004633
685,-0.3138521289412607,-0.8223502148838364,-0.44657354625945894,-0.8058526762829978
686,1.315843045137116,-1.063377368264352,-1.319537707373422,-1.4284266073742182
687,-1.0947477331871496,-1.6831614769571064,0.7057391464109722,-0.2664117626965396
688,0.29728356133813055,0.486082903467534,-0.1672250147029908,0.1067631158803935
689,1.655362873070111,1.6567862198871812,1.439029041746701,2.275611172560194
690,-0.5175640257010578,0.5893802549163264,0.426390614854504,0.5519866096281212
691,1.655362873070111,-0.5813230615033208,0.9501691115228819,0.8752816777021972
692,-0.4157080773211592,1.6567862198871812,-0.7608406442604857,-0.041028915239184
693,0.5009954580979277,-1.6142965759912449,0.46130918129906257,-0.1962105479147402
694,-0.3478041117345602,-0.5124581605374592,1.2993547759684672,0.8919082812031498
695,-1.3663635955335456,-1.579864125508314,0.32163491552082846,-0.6118756354385524
696,-0.5175640257010578,1.1058670121602885,-1.2147820080397465,-0.7023982544992936
697,0.6707553720644251,1.6567862198871812,1.2644362095239086,1.9578583056531025
698,-0.11014023218146361,1.519056417955458,-0.3068992804812249,0.35800956878367574
699,1.587458907483512,-0.7879177644009056,1.2644362095239086,1.058174316212674
700,1.519554941896913,-1.7175939274400371,-0.1672250147029908,-0.6395866412734731
701,-0.5854679912876568,1.002569660711496,-1.6338048053744487,-1.134689945524058
702,-0.8570838536340529,0.5205153539504648,1.2993547759684672,1.2521513570571203
703,1.0781791655840194,-0.9256475663326288,-1.0052706093723953,-1.1254529435790845
704,0.33123554413143,0.6926776063651188,-0.027550748924756722,0.32660376217076514
705,-1.128699715980449,1.1402994626432192,-0.4814921127040175,-0.12785673352193563
706,1.1121311483773189,1.6567862198871812,1.508866174635818,2.2497475671142686
707,1.4176989935170146,-0.03040385377642799,0.8803319786337648,1.0101419060988115
708,0.8065633032376233,-0.44359325957159756,-0.516410679148576,-0.5232004167668062
709,0.4330914925113286,-0.2369985566740128,-0.8306777771496027,-0.7781416704480769
710,-1.6040274750866421,1.346894165540804,0.5311463141881796,0.7939960605864295
711,0.195427612958232,-0.4091608090886668,-0.9354334764832782,-0.9850505140154855
712,0.36518752692472956,1.4846239674725272,1.1945990766347916,1.7712708663646366
713,-0.14409221497476313,-0.6157555119862516,1.6834590068586108,1.2262877516111936
714,-0.4836120429077583,1.6567862198871812,1.4041104753021425,1.8950466924272813
715,-0.008284283801565073,-1.6831614769571064,-1.0751077422615123,-1.6907574626114688
716,1.04422718279072,-0.2369985566740128,-1.5639676724853315,-1.3379039883134771
717,-0.3478041117345602,-0.9256475663326288,0.426390614854504,-0.07058732146309933
718,-0.9928917848072509,-0.27143100715694357,0.6708205799664136,0.32475636178177036
719,-1.0268437676005504,-1.0289449177814212,1.2993547759684672,0.5593762111841004
720,-1.0607957503938499,0.8648398587797728,0.28671634907626997,0.4559217894003956
721,0.5688994236845266,0.5893802549163264,0.9152505450783234,1.169018339552358
722,-1.4342675611201445,0.486082903467534,-1.319537707373422,-1.212280761861836
723,-0.7552279052541544,-0.7879177644009056,1.7183775733031692,1.0840379216586005
724,0.4330914925113286,1.4501915169895965,-0.7608406442604857,0.008850895263673574
725,-1.0268437676005504,-1.0978098187472827,-1.0751077422615123,-1.6057770447177115
726,1.04422718279072,-0.4091608090886668,-0.6211663784822515,-0.5638432253246893
727,-0.0761882493881641,0.5549478044333956,-0.9005149100387198,-0.5841646296036317
728,0.5688994236845266,1.346894165540804,-0.027550748924756722,0.6462040294668511
729,-1.4342675611201445,-0.03040385377642799,1.1247619437456744,0.7644376543625147
730,-1.7058834234665408,1.4846239674725272,1.4739476081912597,1.6844430480818848
731,1.0102751999974202,1.4157590665066655,-0.44657354625945894,0.37094137150663836
732,0.22937959575153152,-0.6157555119862516,-0.44657354625945894,-0.6285022389395049
733,-1.0947477331871496,0.2794882005699492,-0.20214358114754932,-0.24054815725061385
734,1.3837470107237149,0.004028596706502812,-0.9005149100387198,-0.5823172292146364
735,0.7386593376510242,0.17619084912115682,-1.668723371819007,-1.3046507813115724
736,0.8405152860309227,-1.3732694226107292,0.9850876779674403,0.4337529847324595
737,0.4670434753046281,0.4516504529846032,-1.1100263087060709,-0.7282618599452197
738,-1.0268437676005504,-1.6831614769571064,-0.516410679148576,-1.3545305918144297
739,-0.5175640257010578,0.2450557500870184,-0.8655963435941613,-0.7578202661691353
740,-1.196603681567048,0.3827855520187416,0.356553481965387,0.2896557543908711
741,-0.7891798880474539,0.8992723092627036,0.6009834470772967,0.797690861364419
742,-0.0761882493881641,-1.4765667740595216,1.22951764307935,0.45961659017838524
743,-0.04223626659486458,0.5893802549163264,1.5437847410803767,1.6345632375790264
744,0.8405152860309227,-1.7175939274400371,1.0549248108565574,0.3487725668387018
745,0.9423712344108213,-1.579864125508314,-0.09738788181387377,-0.6118756354385524
746,-1.4682195439134442,1.5879213189213195,-1.0052706093723953,-0.4622362039299803
747,0.33123554413143,-1.5109992245424524,0.39147204840994554,-0.2423955576396082
748,1.0781791655840194,-0.4780257100545284,0.5311463141881796,0.4485321878444169
749,0.8405152860309227,-0.374728358605736,-0.8655963435941613,-0.8021578755050085
750,-1.7058834234665408,-1.3388369721277984,1.3691919088575841,0.37833097306261754
751,-1.0607957503938499,1.1058670121602885,-1.1100263087060709,-0.6968560533323095
752,0.8065633032376233,1.6223537694042505,-0.20214358114754932,0.646204029466852
753,-0.0761882493881641,0.5205153539504648,1.4041104753021425,1.473839403736486
754,0.5349474408912271,-0.20256610619108198,1.4041104753021425,1.2632357593910877
755,-1.5361235095000432,-1.6487290264741756,1.22951764307935,0.14740592443827755
756,-0.5515160084943572,-1.7175939274400371,1.3342733424130255,0.37278877189563314
757,1.3837470107237149,-1.1322422692302136,0.007367817519801796,-0.25347995997357653
758,0.9763232172041207,0.7271100568480496,-1.0751077422615123,-0.4954894109318848
759,0.4670434753046281,0.2106232996040876,-0.9354334764832782,-0.6746872486643726
760,0.33123554413143,-0.9256475663326288,-1.389374840262539,-1.5928452419947485
761,1.1121311483773189,1.2780292645749425,0.7406577128555307,1.3962485873987083
762,-0.0761882493881641,-0.8567826653667672,0.5311463141881796,0.09752611393541954
763,1.3837470107237149,0.7959749578139113,0.6359020135218552,1.1394599333284425
764,-0.9249878192206519,1.4157590665066655,-1.040189175816954,-0.47886280743093257
765,-1.6040274750866421,0.5205153539504648,-1.6338048053744487,-1.5078648241009915
766,0.7386593376510242,-0.5813230615033208,1.6485404404140522,1.3537583784518294
767,1.4856029591036135,-0.20256610619108198,-0.44657354625945894,-0.2460903584175978
768,0.8405152860309227,1.2435968140920115,0.5311463141881796,1.1486969352734155
769,0.8744672688242222,-0.5468906110203899,0.8454134121892063,0.6683728341347885
770,-0.7891798880474539,-0.374728358605736,-1.2497005744843048,-1.4136474042622607
771,-1.196603681567048,-0.891215115849698,-0.6211663784822515,-1.1365373459130528
772,0.29728356133813055,1.1402994626432192,0.9501691115228819,1.3925537866207187
773,-1.5021715267067437,-0.1337012052252204,-1.0052706093723953,-1.2067385606948522
774,1.451650976310314,-0.3058634576398744,0.356553481965387,0.4263633831764803
775,-1.400315578326845,1.0714345616773575,1.3342733424130255,1.4313491947896084
776,-0.9249878192206519,1.519056417955458,-1.1449448751506295,-0.5287426179337902
777,-0.008284283801565073,-0.6157555119862516,0.6009834470772967,0.27487655127891325
778,-1.6040274750866421,-1.4765667740595216,-0.516410679148576,-1.3600727929814138
779,-1.400315578326845,-0.6846204129521132,-0.516410679148576,-0.9868979144044805
780,1.3497950279304154,-1.235539620679006,0.7057391464109722,0.32475636178177036
781,-1.7058834234665408,1.1402994626432192,1.4041104753021425,1.473839403736486
782,-0.5175640257010578,0.2794882005699492,0.04228638396436032,0.07350990887848903
783,-1.2984596299469466,1.519056417955458,-0.4814921127040175,0.007003494874678784
784,-0.5175640257010578,-0.9600800168155595,0.8454134121892063,0.26379214894494496
785,-0.8231318708407533,0.5893802549163264,-1.2497005744843048,-1.0053719182944278
786,-0.6873239396675553,-1.2699720711619369,1.5437847410803767,0.7311844473606088
787,-1.0268437676005504,-0.44359325957159756,-0.9703520429278367,-1.2307547657517837
788,0.09357166457833346,-1.3388369721277984,-1.2846191409288634,-1.7147736676684
789,0.195427612958232,-1.5109992245424524,-1.4242934067070976,-1.8976663061788772
790,1.2139870967572173,-1.0289449177814212,1.5437847410803767,1.145002134495426
791,-1.6379794578799416,-0.4780257100545284,1.4041104753021425,0.7903012598084399
792,-0.6194199740809563,-1.235539620679006,-1.5988862389298901,-2.069474542355386
793,-0.7552279052541544,0.6238127053992573,0.7406577128555307,0.8106226640873817
794,1.2818910623438164,-0.7879177644009056,-0.6560849449268101,-0.7190248580002461
795,-0.3138521289412607,0.9337047597456344,0.5660648806327381,0.8586550742012445
796,-0.4157080773211592,0.17619084912115682,1.3691919088575841,1.2392195543341569
797,1.3497950279304154,-1.1322422692302136,-0.09738788181387377,-0.3532395809792921
798,0.5009954580979277,-0.5468906110203899,-0.4814921127040175,-0.5860120299926269
799,-0.4157080773211592,-0.20256610619108198,0.14704208329803586,-0.022554911349236102
800,1.519554941896913,1.4846239674725272,1.7183775733031692,2.4307928052357513
801,-1.6379794578799416,1.1402994626432192,1.4041104753021425,1.4849238060704546
802,1.3497950279304154,1.519056417955458,-1.5639676724853315,-0.5342848191007745
803,0.7386593376510242,-0.4091608090886668,1.6136218739694936,1.3962485873987083
804,1.4176989935170146,0.4516504529846032,1.0549248108565574,1.3740797827307716
805,-0.6194199740809563,0.8992723092627036,-0.09738788181387377,0.19728573494113513
806,0.22937959575153152,1.5879213189213195,0.04228638396436032,0.757048052806535
807,-1.5361235095000432,-0.7190528634350439,0.4962277477436211,-0.11307753040997817
808,-1.264507647153647,-1.6487290264741756,0.8104948457446478,-0.18512614558077192
809,-0.14409221497476313,0.486082903467534,-0.3767364133703419,-0.15372033896786136
810,0.7047073548577247,1.6567862198871812,0.7057391464109722,1.4609076010135231
811,-1.128699715980449,-1.3044045216448676,1.4739476081912597,0.581545015852037
812,-0.14409221497476313,0.2794882005699492,-0.09738788181387377,0.008850895263673574
813,0.059619681785033955,-0.3058634576398744,-1.6338048053744487,-1.590997841605754
814,-1.5361235095000432,1.1058670121602885,-0.23706214759210784,0.010698295652668364
815,0.263331578544831,0.4516504529846032,-0.9005149100387198,-0.5730802272696633
816,1.5535069246902125,0.6926776063651188,-1.4242934067070976,-0.7301092603342141
817,-0.9249878192206519,1.2435968140920115,0.6359020135218552,0.9547198944289697
818,-1.332411612740246,-0.8567826653667672,0.6708205799664136,0.01808789720864752
819,1.04422718279072,-0.3402959081228052,0.07720495040891884,0.09383131315743128
820,0.8405152860309227,-0.6846204129521132,-0.8306777771496027,-0.9037648968997181
821,-1.128699715980449,-1.40770187309366,-0.20214358114754932,-0.970271310903528
822,0.4330914925113286,0.4172180025016724,-0.027550748924756722,0.2249967407760561
823,-1.0947477331871496,1.3124617150578732,-0.6560849449268101,-0.20544754985971417
824,1.2139870967572173,-1.0978098187472827,0.9850876779674403,0.612950822464947
825,0.8405152860309227,0.141758398638226,-1.040189175816954,-0.7374988618901933
826,1.3837470107237149,1.6223537694042505,-0.9703520429278367,0.049493703821557634
827,-0.6533719568742559,-0.7534853139179748,0.6009834470772967,0.11045791665838264
828,-0.24594816335466166,0.4516504529846032,-0.5513292455931346,-0.3421551786453229
829,1.451650976310314,0.658245155882188,0.4962277477436211,0.9658042967629388
830,0.36518752692472956,0.830407408296842,1.3691919088575841,1.64749504030199
831,0.5009954580979277,0.830407408296842,-1.4242934067070976,-0.8428006840628923
832,-0.3478041117345602,-0.27143100715694357,1.1945990766347916,0.9011452831481234
833,-0.3478041117345602,-1.3044045216448676,-0.7259220778159271,-1.2695501739206727
834,-0.6533719568742559,1.5879213189213195,-1.1798634415951879,-0.4862524089869117
835,-1.128699715980449,0.5549478044333956,0.6359020135218552,0.6258826251879097
836,0.4330914925113286,-0.8567826653667672,-0.7259220778159271,-0.949949906624586
837,0.5349474408912271,-0.8223502148838364,-0.9354334764832782,-1.106978939689137
838,0.6368033892711257,-1.2699720711619369,0.46130918129906257,-0.02624971212722612
839,-1.0268437676005504,-1.2699720711619369,0.07720495040891884,-0.6432814420514625
840,0.12752364737163296,0.31392065105288003,1.3691919088575841,1.3870115854537342
841,0.02566769899173444,-1.579864125508314,-0.34181784692578343,-0.9813557132374964
842,0.8065633032376233,-1.4765667740595216,0.4962277477436211,-0.05580811835114188
843,-0.11014023218146361,-0.9600800168155595,-1.7385605047081243,-1.9937311264066029
844,0.6368033892711257,-1.6142965759912449,-0.1323064482584323,-0.7079404556662775
845,-0.9249878192206519,-0.4091608090886668,-1.0052706093723953,-1.2307547657517837
846,0.5009954580979277,0.2450557500870184,-1.5290491060407732,-1.1882645568049048
847,0.1614756301649325,-0.5124581605374592,-1.319537707373422,-1.380394197260356
848,-1.6379794578799416,0.7271100568480496,-0.41165497981490046,-0.32552857514437067
849,-0.4836120429077583,0.9337047597456344,0.9850876779674403,1.2078137477212467
850,1.1800351139639178,-1.4765667740595216,-1.668723371819007,-1.9420039155147506
851,1.3497950279304154,-0.8223502148838364,1.6485404404140522,1.35006357767384
852,1.451650976310314,-1.7175939274400371,-1.4242934067070976,-1.7812800816722099
853,0.059619681785033955,-0.5124581605374592,-0.6910035113713686,-0.8317162817289243
854,-0.24594816335466166,0.6238127053992573,0.6359020135218552,0.7995382617534135
855,0.5688994236845266,-0.20256610619108198,-0.27198071403666635,-0.23870075686161907
856,0.4670434753046281,-0.9256475663326288,0.6708205799664136,0.282266152834892
857,-0.3817560945278597,0.8992723092627036,0.1819606497425944,0.4873275960133058
858,0.5009954580979277,-1.2699720711619369,1.2644362095239086,0.6739150353017725
859,-1.128699715980449,1.17473191312615,-0.27198071403666635,0.07535730926748338
860,0.6707553720644251,0.6926776063651188,-1.0751077422615123,-0.5601484245466998
861,1.451650976310314,1.4846239674725272,1.089843377301116,1.8544038838693977
862,-0.7891798880474539,0.486082903467534,0.6708205799664136,0.683152037246746
863,0.1614756301649325,1.17473191312615,0.46130918129906257,0.9454828924839965
864,0.4330914925113286,0.141758398638226,0.07720495040891884,0.20098053571912428
865,0.195427612958232,-0.6501879624691824,0.007367817519801796,-0.24054815725061385
866,0.02566769899173444,-0.8223502148838364,1.5787033075249353,1.0711061189356375
867,1.1800351139639178,-0.8223502148838364,0.32163491552082846,0.1289319205483301
868,0.9763232172041207,-0.09926875474228959,-1.040189175816954,-0.818784479005961
869,-1.4682195439134442,0.7959749578139113,-0.027550748924756722,0.07720470965647817
870,0.29728356133813055,0.141758398638226,0.356553481965387,0.4300581839544695
871,1.655362873070111,0.5549478044333956,-1.1100263087060709,-0.48994720976490086
872,-0.008284283801565073,-0.06483630425935878,-0.9354334764832782,-0.8705116898978131
873,1.4176989935170146,-0.3402959081228052,0.14704208329803586,0.21760713922007693
874,-1.1626516987737485,0.5205153539504648,0.8803319786337648,0.8254018671993396
875,0.9084192516175218,0.658245155882188,-0.4814921127040175,-0.002233507070294727
876,0.5349474408912271,-0.9256475663326288,0.8803319786337648,0.4817853948463218
877,-0.6194199740809563,1.6567862198871812,1.1945990766347916,1.684443048081884
878,-0.6533719568742559,0.9337047597456344,-1.319537707373422,-0.8926804945657497
879,-0.0761882493881641,0.7615425073309804,1.508866174635818,1.6715112453589214
880,-1.400315578326845,0.3827855520187416,-0.6560849449268101,-0.6543658443854308
881,0.22937959575153152,1.4157590665066655,-1.5639676724853315,-0.7615150669471247
882,-1.5361235095000432,1.002569660711496,1.4739476081912597,1.5052452103493974
883,-1.6040274750866421,0.141758398638226,-1.5290491060407732,-1.576218638493796
884,0.6028514064778262,0.2106232996040876,1.3691919088575841,1.4202647924556395
885,-1.6719314406732413,-0.6157555119862516,-0.7608406442604857,-1.2215177638068098
886,0.263331578544831,1.519056417955458,-1.2497005744843048,-0.4289829969280754
887,1.3497950279304154,1.17473191312615,-1.4242934067070976,-0.5564536237687107
888,-1.0607957503938499,-0.5124581605374592,-0.586247812037693,-0.9203915004006705
889,1.1460831311706183,0.2106232996040876,-0.23706214759210784,0.06427290693351465
890,-1.1626516987737485,0.8648398587797728,-1.5988862389298901,-1.2566183711977092
891,-0.04223626659486458,1.2091643636090808,-1.4941305395962146,-0.8317162817289243
892,-0.6873239396675553,0.10732594815529521,0.426390614854504,0.31736676022579163
893,-0.008284283801565073,-0.6157555119862516,-0.5513292455931346,-0.7615150669471245
894,0.5349474408912271,0.6238127053992573,-1.4242934067070976,-0.9259337015676546
895,-1.400315578326845,1.0714345616773575,-1.1100263087060709,-0.7670572681141088
896,0.9423712344108213,0.658245155882188,-1.4242934067070976,-0.8446480844518869
897,0.195427612958232,0.4172180025016724,1.439029041746701,1.5052452103493965
898,-0.3138521289412607,-0.44359325957159756,0.4962277477436211,0.20467533649711386
899,0.5688994236845266,-0.7190528634350439,0.8104948457446478,0.5131912014592324
900,-1.7058834234665408,0.5205153539504648,-0.6211663784822515,-0.613723035827547
901,1.2818910623438164,0.2794882005699492,-0.7957592107050442,-0.3864927879811966
902,-0.8570838536340529,0.9681372102285652,0.8803319786337648,1.067411318157648
903,-0.0761882493881641,1.691218670370112,-0.09738788181387377,0.6258826251879097
904,-0.8570838536340529,1.0370021111944268,0.8454134121892063,1.0655639177686531
905,-1.2305556643603475,-1.40770187309366,1.159680510190233,0.23792854349901876
906,-1.2984596299469466,1.691218670370112,-1.5988862389298901,-0.9240863011786599
907,0.22937959575153152,1.3124617150578732,-0.027550748924756722,0.5760028146850527
908,-0.9589398020139515,-0.374728358605736,-0.3068992804812249,-0.5934016315486051
909,0.7386593376510242,0.9681372102285652,-1.459211973151656,-0.7762942700590824
910,0.8065633032376233,-1.2699720711619369,-0.23706214759210784,-0.6266548385505101
911,1.247939079550517,0.2106232996040876,0.6359020135218552,0.8660446757572237
912,0.7047073548577247,0.4516504529846032,0.9501691115228819,1.1634761383853738
913,-1.264507647153647,-1.063377368264352,0.9850876779674403,0.22314934038706088
914,-0.17804419776806263,0.7615425073309804,-1.459211973151656,-1.0146089202394013
915,-1.2984596299469466,-0.06483630425935878,1.2993547759684672,0.9288562889830434
916,-1.0947477331871496,1.5534888684383887,0.32163491552082846,0.7773694570854772
917,-1.4342675611201445,-0.3402959081228052,0.4962277477436211,0.06612030732251031
918,0.02566769899173444,0.8992723092627036,0.7755762793000892,1.0877327224365896
919,-1.2984596299469466,-0.7534853139179748,-0.6560849449268101,-1.1254529435790843
920,0.36518752692472956,1.6223537694042505,0.6009834470772967,1.296488966392993
921,0.5349474408912271,-1.40770187309366,0.9152505450783234,0.30628235789182334
922,-0.44966006011445875,0.7959749578139113,1.0200062444119988,1.1856449430533096
923,0.9423712344108213,0.4172180025016724,1.089843377301116,1.3131155698939456
924,0.36518752692472956,-0.5813230615033208,-0.4814921127040175,-0.6229600377725207
925,-1.5361235095000432,-1.579864125508314,-0.34181784692578343,-1.2362969669187678
926,-0.17804419776806263,0.9681372102285652,-0.7259220778159271,-0.2664117626965396
927,1.4176989935170146,0.3483531015358108,1.159680510190233,1.423959593233629
928,-1.6379794578799416,1.2091643636090808,-0.27198071403666635,0.007003494874678784
929,1.1800351139639178,0.07289349767236442,-0.027550748924756722,0.1991331353301295
930,0.8744672688242222,0.10732594815529521,-1.040189175816954,-0.7467358638351668
931,1.5535069246902125,0.10732594815529521,0.11212351685347735,0.40049977773055456
932,-1.3663635955335456,0.9337047597456344,0.6708205799664136,0.7810642578634664
933,-1.3663635955335456,-1.2011071701960752,1.7183775733031692,0.8069278633093926
934,0.5688994236845266,1.5534888684383887,1.439029041746701,2.0539231258808273
935,-0.6873239396675553,-0.8567826653667672,1.439029041746701,0.8143174648653708
936,0.9084192516175218,0.7615425073309804,0.7057391464109722,1.1099015271045263
937,-0.8231318708407533,-1.4421343235765909,-0.7957592107050442,-1.4690694159321023
938,-1.7058834234665408,-1.7175939274400371,-1.389374840262539,-2.2652989835888264
939,1.4176989935170146,1.2435968140920115,-0.20214358114754932,0.5833924162410313
940,-0.21199618056136216,0.3827855520187416,0.04228638396436032,0.16772732871721893
941,1.315843045137116,-0.9256475663326288,-0.34181784692578343,-0.4899472097649013
942,0.6028514064778262,1.002569660711496,0.5660648806327381,1.0378529119337325
943,1.3837470107237149,0.830407408296842,-1.4242934067070976,-0.6987034537213038
944,0.5349474408912271,0.9337047597456344,0.07720495040891884,0.5575288107951056
945,-1.6379794578799416,-0.3058634576398744,0.356553481965387,-0.07797692301907805
946,0.33123554413143,1.002569660711496,-0.1323064482584323,0.36539917033965447
947,-1.5361235095000432,-1.3044045216448676,-0.20214358114754932,-0.9924401155714646
948,0.1614756301649325,-1.5454316750253831,-0.7259220778159271,-1.2898715781996144
949,-0.9928917848072509,1.2780292645749425,-0.7259220778159271,-0.2664117626965396
950,0.33123554413143,-1.1666747197131444,-0.1672250147029908,-0.5970964323265947
951,1.0781791655840194,1.691218670370112,-0.6211663784822515,0.34323036567171783
952,-1.0947477331871496,-1.2011071701960752,0.07720495040891884,-0.6248074381615155
953,-1.5361235095000432,-0.5124581605374592,-0.8306777771496027,-1.2178229630288204
954,0.1614756301649325,-0.7534853139179748,-0.06246931536931524,-0.35323958097929165
955,0.5009954580979277,0.5893802549163264,-0.027550748924756722,0.30997715866981296
956,-0.7552279052541544,-0.7879177644009056,-0.7259220778159271,-1.1143685412451159
957,0.4330914925113286,-1.2011071701960752,-1.5988862389298901,-1.8828871030669194
958,-0.6194199740809563,-1.1666747197131444,1.5437847410803767,0.7866064590304503
959,-0.008284283801565073,0.7271100568480496,-0.20214358114754932,0.1289319205483301
960,-1.6379794578799416,-1.0289449177814212,0.9501691115228819,0.14555852404928232
961,-0.6873239396675553,0.658245155882188,-1.1798634415951879,-0.8908330941767554
962,-0.5175640257010578,-1.2011071701960752,-1.5639676724853315,-2.0066629291295657
963,-0.5515160084943572,-0.4091608090886668,1.2993547759684672,0.9029926835371177
964,0.7047073548577247,-0.1681336557081512,-0.41165497981490046,-0.32737597553336506
965,1.0102751999974202,-0.5124581605374592,1.22951764307935,1.0507847146566955
966,-0.5175640257010578,-0.27143100715694357,-1.2497005744843048,-1.324972185590514
967,-1.0268437676005504,1.5879213189213195,0.9152505450783234,1.3371317749508775
968,-0.6873239396675553,1.1058670121602885,0.32163491552082846,0.6517462306338364
969,0.9423712344108213,-1.7175939274400371,0.6009834470772967,-0.042876315628178355
970,0.6707553720644251,1.4157590665066655,-0.9703520429278367,-0.15556773935685658
971,1.04422718279072,-1.1322422692302136,-0.8655963435941613,-1.0940471369661742
972,1.2818910623438164,1.3124617150578732,0.11212351685347735,0.8734342773132023
973,-1.4342675611201445,1.0370021111944268,0.356553481965387,0.5316652053491794
974,-0.8910358364273524,-0.8223502148838364,0.4962277477436211,-0.0521133175731523
975,1.0102751999974202,-0.891215115849698,-1.0052706093723953,-1.121758142801095
976,0.7047073548577247,-1.3388369721277984,0.007367817519801796,-0.4529992019850064
977,1.1460831311706183,0.141758398638226,-1.319537707373422,-0.9388655042906177
978,-0.4157080773211592,-1.5109992245424524,1.4041104753021425,0.5464444084611368
979,-0.6194199740809563,0.7271100568480496,0.426390614854504,0.5944768185749997
980,1.0781791655840194,1.5879213189213195,-0.5513292455931346,0.3617043695616653
981,1.1800351139639178,0.4516504529846032,1.0200062444119988,1.3038785679489722
982,1.1121311483773189,-0.20256610619108198,0.28671634907626997,0.35246736761669134
983,1.2139870967572173,-0.3058634576398744,-0.6560849449268101,-0.5232004167668057
984,-1.7058834234665408,-1.7175939274400371,-1.3544562738179804,-2.2338931769759163
985,-0.4836120429077583,0.830407408296842,0.9152505450783234,1.1006645251595528
986,-0.44966006011445875,0.486082903467534,-0.6560849449268101,-0.45484660237400115
987,0.1614756301649325,1.2435968140920115,1.2993547759684672,1.7287806574177573
988,-0.9589398020139515,-0.06483630425935878,1.508866174635818,1.1727131403303475
989,0.5009954580979277,-1.5454316750253831,-0.516410679148576,-1.0460147268523117
990,-0.9249878192206519,0.03846104718943361,0.32163491552082846,0.15479552599425672
991,-0.0761882493881641,0.5205153539504648,0.007367817519801796,0.21760713922007693
992,0.7386593376510242,-0.5813230615033208,0.4962277477436211,0.31736676022579163
993,1.1800351139639178,0.7271100568480496,1.159680510190233,1.5477354192962758
994,-0.8910358364273524,0.2450557500870184,-1.2147820080397465,-1.1328425451350637
995,0.36518752692472956,1.6223537694042505,-1.1449448751506295,-0.27380136425251833
996,-0.6533719568742559,-0.7190528634350439,0.6359020135218552,0.15664292638325106
997,0.4330914925113286,-0.5813230615033208,0.426390614854504,0.20467533649711386
998,-0.3478041117345602,1.3124617150578732,-0.34181784692578343,0.1991331353301295
999,0.9423712344108213,-1.1322422692302136,-1.0052706093723953,-1.2362969669187678
